{
    "balance": 2674,
    "inventory": [],
    "bank": 0,
    "net_worth": 0,
    "daily_streak": 0,
    "last_daily": 1770082439,
    "last_work": 1770155195,
    "last_crime": 1770082535,
    "last_rob": 0,
    "last_heist": 0,
    "last_slots": 1770160726.5246341,
    "last_blackjack": 1770160577.241288,
    "last_roulette": 1770161460.7476192,
    "last_casino": 0,
    "last_gamble": 0,
    "last_bet": 0,
    "last_race": 0,
    "last_fight": 0,
    "last_duel": 0
}